{
  "hbl_opportunities": 0.1080790830208535,
  "systemuser": 6.613170703167456,
  "hbl_contract": 6.897979505870798,
  "hbl_contract.statecode": 0.37735360253530714,
  "hbl_account": 11.001655560279612,
  "hbl_contract.statuscode": -0.24383748955776471,
  "systemuser.emailrouteraccessapproval": 0.6983372960937497,
  "systemuser.fullname": 0.8145062499999999,
  "hbl_contract.hbl_contract_name": 2.7147499999999996,
  "systemuser.address2_addressid": 1.0
}